x1,y1,x2,y2,class_name,path
31,246,778,540,85,00014.jpg
34,87,567,343,194,00025.jpg
129,120,345,269,124,00060.jpg
19,60,783,440,112,00094.jpg
65,37,578,360,51,00098.jpg
49,143,487,455,109,00121.jpg
86,78,355,284,13,00128.jpg
19,735,2669,2192,58,00135.jpg
66,59,283,202,71,00144.jpg
24,78,608,379,187,00148.jpg
23,66,499,311,47,00152.jpg
114,46,546,287,42,00160.jpg
12,83,629,354,73,00161.jpg
19,27,429,258,41,00167.jpg
4,408,1600,934,160,00187.jpg
25,162,1241,764,93,00188.jpg
82,107,990,723,48,00193.jpg
21,1,386,200,12,00201.jpg
8,80,639,366,173,00210.jpg
38,50,221,138,72,00215.jpg
45,39,594,444,18,00217.jpg
11,10,396,265,65,00237.jpg
4,19,255,172,16,00239.jpg
23,146,617,329,31,00257.jpg
75,254,2514,1929,187,00259.jpg
49,53,596,398,74,00268.jpg
8,1,590,327,100,00272.jpg
75,93,529,360,132,00276.jpg
50,122,589,338,127,00309.jpg
33,71,615,435,87,00314.jpg
45,55,530,308,38,00337.jpg
17,52,247,158,86,00350.jpg
31,47,415,255,39,00357.jpg
17,82,630,496,53,00365.jpg
30,118,618,334,177,00367.jpg
16,25,290,215,156,00378.jpg
14,21,782,487,160,00390.jpg
229,126,624,345,147,00394.jpg
32,51,260,153,181,00400.jpg
54,128,429,353,163,00432.jpg
43,110,462,296,162,00447.jpg
34,315,1832,905,140,00472.jpg
29,46,239,134,109,00480.jpg
80,91,589,429,184,00482.jpg
29,62,509,288,126,00484.jpg
11,48,491,237,9,00503.jpg
12,164,533,351,40,00513.jpg
122,196,512,439,153,00521.jpg
45,44,563,415,61,00529.jpg
1,328,758,773,172,00537.jpg
16,95,628,339,187,00553.jpg
51,97,669,286,71,00577.jpg
107,66,566,314,193,00583.jpg
62,162,607,458,75,00597.jpg
28,55,974,675,63,00601.jpg
254,283,922,469,150,00608.jpg
33,98,594,391,79,00612.jpg
61,66,737,430,98,00616.jpg
14,48,256,164,80,00668.jpg
24,91,506,270,137,00671.jpg
103,289,1049,584,38,00675.jpg
108,1,550,295,185,00683.jpg
68,37,698,446,25,00684.jpg
75,6,864,628,140,00688.jpg
16,55,560,382,4,00697.jpg
129,256,729,498,36,00709.jpg
29,19,623,405,169,00711.jpg
457,414,1308,951,149,00712.jpg
100,27,238,125,51,00724.jpg
16,157,778,520,165,00734.jpg
10,60,894,506,130,00735.jpg
18,4,428,251,179,00736.jpg
42,153,602,389,55,00738.jpg
68,128,549,419,106,00753.jpg
60,2,578,440,95,00754.jpg
30,32,593,296,12,00755.jpg
30,154,771,502,49,00758.jpg
57,131,570,397,87,00761.jpg
6,24,297,153,21,00765.jpg
9,33,246,161,82,00768.jpg
156,255,955,619,79,00783.jpg
42,163,725,382,103,00784.jpg
9,30,251,169,51,00795.jpg
38,213,564,436,184,00796.jpg
80,158,453,345,24,00835.jpg
42,147,753,414,114,00842.jpg
47,179,1227,812,134,00850.jpg
49,142,426,307,70,00874.jpg
14,72,245,173,91,00884.jpg
26,15,698,386,169,00890.jpg
64,75,256,158,175,00900.jpg
160,59,759,346,144,00901.jpg
25,68,618,365,174,00927.jpg
151,97,842,537,172,00953.jpg
8,17,590,298,20,00956.jpg
187,91,509,315,169,00972.jpg
30,114,1001,765,133,00986.jpg
59,106,581,309,168,00992.jpg
75,186,596,571,63,00995.jpg
96,3,635,445,58,00998.jpg
45,203,982,564,43,01008.jpg
58,72,763,529,6,01012.jpg
37,74,756,356,129,01025.jpg
127,99,521,366,135,01035.jpg
21,105,619,372,20,01048.jpg
51,151,732,430,37,01079.jpg
22,47,278,213,196,01081.jpg
91,99,529,381,18,01097.jpg
3,5,198,118,86,01102.jpg
14,35,261,169,48,01103.jpg
16,105,279,266,45,01126.jpg
29,78,607,272,29,01127.jpg
124,322,1010,662,46,01168.jpg
27,17,249,189,73,01169.jpg
70,193,762,445,161,01182.jpg
22,278,625,445,153,01189.jpg
18,115,445,334,30,01192.jpg
1,36,269,196,171,01203.jpg
38,127,642,412,134,01213.jpg
3,47,296,183,3,01214.jpg
83,59,416,320,188,01240.jpg
41,75,464,266,154,01243.jpg
53,265,769,475,102,01273.jpg
19,52,261,150,8,01283.jpg
74,1,1448,855,130,01286.jpg
355,323,1316,897,8,01331.jpg
555,301,1173,568,45,01335.jpg
26,23,615,459,126,01344.jpg
80,191,948,623,112,01351.jpg
80,165,543,405,111,01362.jpg
263,598,2349,1638,13,01372.jpg
150,109,605,407,174,01385.jpg
436,574,1465,940,163,01404.jpg
51,44,506,263,99,01407.jpg
39,24,498,242,43,01409.jpg
24,46,290,188,8,01413.jpg
31,90,613,360,156,01417.jpg
99,158,825,585,84,01418.jpg
58,44,250,180,128,01422.jpg
11,21,325,216,189,01449.jpg
108,591,1127,1107,167,01470.jpg
49,30,417,278,177,01476.jpg
224,118,519,300,184,01479.jpg
26,63,362,233,150,01491.jpg
37,49,773,325,184,01507.jpg
67,97,496,272,51,01509.jpg
51,157,994,606,22,01515.jpg
20,47,295,196,195,01539.jpg
78,59,557,402,73,01542.jpg
90,65,878,403,94,01547.jpg
43,154,551,323,173,01554.jpg
17,73,631,431,50,01557.jpg
39,68,579,402,187,01566.jpg
47,180,940,680,55,01573.jpg
190,780,3349,1956,37,01579.jpg
29,35,560,358,11,01581.jpg
33,1,183,193,151,01586.jpg
47,72,556,371,120,01597.jpg
63,46,742,328,121,01601.jpg
70,54,387,191,69,01612.jpg
18,13,343,283,136,01623.jpg
76,136,1546,988,156,01625.jpg
79,95,578,428,121,01626.jpg
14,28,225,150,82,01638.jpg
35,75,614,392,165,01641.jpg
178,214,901,658,1,01661.jpg
42,61,433,288,146,01667.jpg
56,224,1210,662,93,01685.jpg
16,54,295,158,80,01689.jpg
123,35,487,297,46,01703.jpg
19,114,620,426,13,01715.jpg
60,91,588,373,3,01716.jpg
65,132,1790,1150,149,01718.jpg
20,56,419,265,69,01736.jpg
15,83,561,422,87,01789.jpg
44,20,1225,739,39,01792.jpg
115,157,619,361,178,01794.jpg
10,62,252,149,54,01806.jpg
118,140,364,303,52,01811.jpg
111,92,645,435,78,01816.jpg
82,109,450,300,81,01823.jpg
19,83,631,404,191,01865.jpg
17,34,231,163,70,01874.jpg
120,324,890,731,14,01880.jpg
55,95,600,410,69,01884.jpg
91,175,567,410,6,01911.jpg
38,22,790,450,132,01917.jpg
118,8,790,598,116,01920.jpg
94,235,571,486,136,01931.jpg
171,179,544,381,43,01935.jpg
69,66,559,333,171,01962.jpg
37,67,237,168,5,01972.jpg
102,163,723,454,53,01983.jpg
64,123,548,346,52,01987.jpg
32,52,593,324,105,01988.jpg
28,36,250,143,38,01994.jpg
128,126,767,437,165,01996.jpg
17,75,279,158,141,02005.jpg
24,16,454,304,14,02007.jpg
7,59,390,328,146,02021.jpg
6,14,216,107,31,02029.jpg
70,3,617,337,96,02038.jpg
183,4,1186,780,196,02054.jpg
32,11,456,307,24,02056.jpg
12,67,496,266,9,02058.jpg
128,30,855,596,133,02080.jpg
51,116,630,371,152,02083.jpg
95,84,612,391,114,02112.jpg
9,97,493,252,4,02124.jpg
21,77,622,466,74,02125.jpg
67,103,533,366,87,02135.jpg
37,82,594,380,26,02144.jpg
8,14,294,142,107,02146.jpg
55,82,564,338,169,02150.jpg
63,5,940,723,169,02160.jpg
15,77,454,272,127,02178.jpg
205,192,617,352,168,02180.jpg
28,2,608,423,195,02183.jpg
61,45,752,502,145,02192.jpg
4,56,395,229,104,02199.jpg
168,93,1131,699,173,02204.jpg
126,27,522,445,58,02215.jpg
28,32,340,178,69,02230.jpg
109,88,561,349,35,02232.jpg
35,53,272,190,162,02252.jpg
39,72,653,462,75,02265.jpg
40,35,424,256,86,02294.jpg
101,66,555,407,68,02296.jpg
82,103,973,669,111,02298.jpg
37,342,1263,786,160,02321.jpg
40,46,539,324,26,02324.jpg
34,43,335,166,134,02351.jpg
36,89,569,382,43,02352.jpg
73,26,430,282,134,02353.jpg
47,137,965,681,126,02362.jpg
47,76,556,375,149,02366.jpg
117,95,847,596,83,02372.jpg
79,386,765,615,8,02377.jpg
49,42,200,167,196,02407.jpg
24,55,607,427,49,02420.jpg
53,145,570,384,126,02430.jpg
47,155,999,581,13,02431.jpg
12,84,672,421,58,02432.jpg
33,117,587,408,61,02436.jpg
14,39,252,154,118,02460.jpg
34,214,1567,979,153,02475.jpg
79,136,913,635,144,02487.jpg
24,141,539,455,154,02513.jpg
2,92,595,480,172,02527.jpg
48,92,582,368,184,02529.jpg
37,74,269,169,105,02552.jpg
34,4,264,195,175,02604.jpg
44,95,595,435,153,02613.jpg
237,88,657,372,151,02616.jpg
1,56,402,251,60,02633.jpg
72,199,961,744,106,02634.jpg
25,69,487,356,110,02659.jpg
17,5,282,173,76,02661.jpg
1,27,799,600,57,02667.jpg
18,29,779,588,79,02675.jpg
232,318,803,510,36,02681.jpg
35,157,479,332,20,02688.jpg
25,29,265,163,21,02696.jpg
14,19,606,275,53,02706.jpg
73,69,271,140,57,02713.jpg
90,30,577,396,179,02727.jpg
66,141,613,379,61,02744.jpg
44,15,626,413,169,02756.jpg
40,64,390,306,109,02759.jpg
314,235,1383,1002,25,02764.jpg
32,76,612,415,132,02769.jpg
16,119,410,244,36,02774.jpg
13,153,626,391,75,02775.jpg
56,160,476,343,61,02804.jpg
33,32,1079,696,58,02821.jpg
41,110,1005,637,167,02826.jpg
331,352,1327,1102,117,02834.jpg
80,198,940,583,186,02858.jpg
20,56,625,411,194,02870.jpg
233,98,678,368,72,02884.jpg
80,36,426,282,130,02895.jpg
57,35,222,144,5,02897.jpg
26,158,1007,708,77,02898.jpg
26,50,228,145,162,02914.jpg
42,96,612,353,6,02919.jpg
28,28,287,140,33,02999.jpg
7,6,292,202,48,03007.jpg
198,95,1224,763,99,03027.jpg
7,3,194,101,156,03037.jpg
55,80,608,368,91,03040.jpg
16,69,606,323,186,03041.jpg
139,134,395,257,130,03052.jpg
149,126,902,554,19,03057.jpg
44,38,548,463,98,03058.jpg
39,78,570,447,195,03059.jpg
65,41,513,375,60,03060.jpg
134,14,1503,996,179,03076.jpg
3,2,574,429,98,03084.jpg
20,18,263,151,54,03094.jpg
20,19,243,175,111,03118.jpg
24,20,429,278,124,03123.jpg
25,19,281,142,106,03176.jpg
673,981,4278,2553,56,03185.jpg
7,46,195,148,121,03189.jpg
181,253,1501,895,77,03194.jpg
72,1,578,349,73,03216.jpg
1,1,300,103,111,03223.jpg
57,30,587,455,33,03237.jpg
11,53,1001,702,43,03245.jpg
10,199,492,505,110,03246.jpg
366,163,602,301,176,03250.jpg
136,181,1133,719,180,03259.jpg
38,13,178,111,158,03262.jpg
72,89,568,274,168,03263.jpg
31,20,592,352,84,03280.jpg
217,151,596,423,56,03291.jpg
72,53,317,207,195,03307.jpg
96,159,427,329,194,03345.jpg
34,88,968,640,168,03346.jpg
10,12,256,175,67,03355.jpg
19,14,434,259,179,03357.jpg
25,42,552,326,177,03368.jpg
187,235,934,604,31,03370.jpg
13,80,288,178,47,03372.jpg
18,102,630,433,71,03377.jpg
20,17,251,179,108,03380.jpg
3,2,495,228,186,03385.jpg
279,258,1390,886,93,03395.jpg
19,116,517,316,41,03404.jpg
14,79,410,289,128,03434.jpg
20,96,564,341,43,03436.jpg
13,113,243,191,22,03445.jpg
37,31,441,318,34,03451.jpg
29,98,613,298,82,03459.jpg
30,152,602,421,4,03467.jpg
140,368,1973,1006,173,03471.jpg
754,210,1401,679,148,03474.jpg
51,89,741,474,35,03486.jpg
135,247,541,447,187,03531.jpg
17,71,384,250,92,03536.jpg
4,98,496,322,36,03538.jpg
56,152,698,427,179,03564.jpg
20,100,482,310,33,03570.jpg
24,45,426,256,102,03572.jpg
126,3,1178,813,180,03594.jpg
108,292,1243,850,171,03599.jpg
3,40,271,157,56,03602.jpg
48,92,599,392,87,03616.jpg
9,92,480,311,32,03617.jpg
48,31,539,470,188,03628.jpg
20,61,591,362,130,03629.jpg
69,59,601,346,177,03639.jpg
10,202,792,543,21,03644.jpg
18,38,286,201,95,03649.jpg
72,101,992,648,43,03655.jpg
22,28,609,312,103,03658.jpg
30,103,614,378,182,03661.jpg
10,92,677,276,152,03689.jpg
71,167,567,402,189,03692.jpg
311,224,647,357,150,03700.jpg
24,143,1001,587,84,03712.jpg
76,131,386,312,196,03728.jpg
9,198,777,514,36,03734.jpg
154,223,1378,1030,61,03737.jpg
36,81,564,339,154,03770.jpg
53,1,597,439,64,03777.jpg
13,72,265,163,122,03789.jpg
12,13,254,127,125,03796.jpg
103,234,599,402,180,03808.jpg
11,56,613,297,9,03828.jpg
93,51,491,388,25,03830.jpg
68,90,579,410,61,03831.jpg
13,30,251,156,14,03838.jpg
13,103,497,334,137,03840.jpg
23,17,604,391,182,03846.jpg
501,709,1261,1169,125,03863.jpg
99,133,593,368,49,03872.jpg
15,111,489,258,185,03873.jpg
47,120,410,283,24,03886.jpg
27,13,779,336,24,03892.jpg
19,23,226,192,196,03898.jpg
1,46,273,168,41,03928.jpg
28,42,437,210,60,03933.jpg
111,195,481,394,73,03934.jpg
48,236,498,449,166,03938.jpg
3,70,622,379,171,03949.jpg
100,108,550,358,150,03950.jpg
92,82,364,219,142,03956.jpg
63,72,757,462,15,03969.jpg
30,140,1001,603,164,03993.jpg
24,74,972,661,195,04007.jpg
42,102,632,353,72,04009.jpg
33,45,209,152,188,04012.jpg
10,66,478,232,141,04017.jpg
35,85,479,329,93,04021.jpg
85,33,485,297,26,04023.jpg
68,354,992,669,21,04040.jpg
28,48,663,302,1,04056.jpg
38,3,418,328,88,04062.jpg
65,151,639,435,189,04065.jpg
22,55,285,199,84,04069.jpg
81,157,862,599,167,04071.jpg
106,241,1155,732,27,04086.jpg
492,248,916,538,26,04089.jpg
18,95,290,205,48,04091.jpg
21,31,416,228,180,04098.jpg
114,149,938,633,94,04102.jpg
20,254,997,642,152,04105.jpg
72,148,555,316,135,04132.jpg
199,482,3385,2465,58,04137.jpg
21,83,633,374,123,04139.jpg
8,103,464,254,171,04143.jpg
127,166,947,559,89,04161.jpg
107,70,550,318,130,04165.jpg
96,151,599,449,65,04180.jpg
56,117,474,266,141,04202.jpg
81,1,447,275,65,04208.jpg
1,7,270,183,65,04212.jpg
209,167,777,380,144,04217.jpg
96,66,453,392,116,04233.jpg
18,1,442,225,124,04248.jpg
169,129,414,278,99,04255.jpg
114,84,967,684,132,04274.jpg
177,377,1929,1070,113,04278.jpg
67,152,573,464,155,04298.jpg
109,14,909,715,154,04320.jpg
24,3,239,179,121,04324.jpg
26,12,457,272,186,04325.jpg
72,85,986,646,65,04330.jpg
11,41,615,416,52,04348.jpg
33,182,617,386,4,04349.jpg
200,239,1134,695,35,04351.jpg
53,44,684,444,146,04354.jpg
9,29,266,154,56,04360.jpg
47,18,562,355,144,04365.jpg
80,73,706,438,144,04378.jpg
40,104,587,363,129,04400.jpg
113,69,500,333,77,04405.jpg
52,105,432,327,90,04420.jpg
114,134,1230,658,188,04432.jpg
75,196,951,915,118,04444.jpg
46,28,564,370,176,04459.jpg
17,41,235,146,143,04466.jpg
34,55,233,165,31,04469.jpg
22,88,479,312,4,04482.jpg
136,2,760,379,119,04483.jpg
29,24,467,335,186,04501.jpg
10,4,348,165,28,04505.jpg
2,40,300,151,115,04507.jpg
23,91,620,373,77,04512.jpg
21,31,382,228,110,04513.jpg
232,295,947,636,37,04527.jpg
17,167,781,430,66,04565.jpg
189,216,488,374,177,04569.jpg
200,150,901,515,167,04570.jpg
4,38,191,133,39,04576.jpg
19,74,490,341,115,04586.jpg
15,9,468,408,3,04588.jpg
83,67,181,114,62,04590.jpg
33,8,210,100,14,04595.jpg
22,177,960,618,106,04597.jpg
17,47,241,158,190,04600.jpg
96,68,733,497,21,04601.jpg
29,66,463,307,106,04607.jpg
119,114,533,407,172,04649.jpg
4,23,280,220,146,04656.jpg
28,21,286,178,65,04657.jpg
30,43,978,754,159,04694.jpg
51,119,734,568,105,04697.jpg
19,89,730,444,94,04700.jpg
48,49,597,403,131,04740.jpg
18,31,620,387,54,04774.jpg
20,72,769,515,31,04778.jpg
71,186,1206,781,157,04781.jpg
40,14,856,486,107,04796.jpg
7,18,192,127,115,04798.jpg
38,52,483,222,124,04800.jpg
34,19,772,488,150,04805.jpg
228,316,1913,1230,29,04806.jpg
106,59,337,284,159,04808.jpg
94,190,1597,991,29,04810.jpg
26,116,485,308,22,04819.jpg
64,24,274,150,25,04822.jpg
18,79,480,304,153,04826.jpg
15,43,287,170,110,04828.jpg
20,40,166,99,107,04838.jpg
35,147,596,372,103,04844.jpg
26,107,635,391,133,04850.jpg
9,1,152,103,1,04874.jpg
21,30,468,320,196,04876.jpg
117,465,1946,1123,19,04883.jpg
111,23,527,315,52,04900.jpg
89,40,414,249,137,04930.jpg
66,65,572,354,86,04938.jpg
29,135,581,380,15,04956.jpg
15,46,290,207,131,04974.jpg
176,212,498,395,102,04988.jpg
56,60,346,222,115,05005.jpg
23,67,605,392,181,05018.jpg
50,243,1424,883,145,05022.jpg
57,189,944,587,186,05024.jpg
29,74,605,431,192,05045.jpg
187,225,886,762,165,05055.jpg
139,298,756,598,104,05059.jpg
80,231,1167,667,43,05068.jpg
24,115,582,293,103,05078.jpg
14,135,567,305,15,05086.jpg
11,4,289,180,160,05097.jpg
87,80,827,700,146,05098.jpg
44,56,397,306,20,05122.jpg
26,147,629,386,50,05124.jpg
3,11,258,137,108,05135.jpg
47,140,611,426,120,05151.jpg
40,184,702,493,68,05168.jpg
45,120,569,362,179,05180.jpg
28,42,463,308,111,05188.jpg
52,21,400,262,180,05211.jpg
366,401,1516,1012,25,05226.jpg
17,19,640,289,96,05228.jpg
58,217,975,608,141,05238.jpg
55,36,426,314,100,05239.jpg
118,128,462,266,55,05249.jpg
53,1,687,495,95,05253.jpg
40,51,538,326,29,05255.jpg
137,93,488,416,195,05256.jpg
80,100,401,371,38,05258.jpg
40,10,241,162,69,05269.jpg
85,107,938,608,187,05270.jpg
9,18,626,471,154,05276.jpg
21,41,415,330,155,05277.jpg
137,114,919,544,15,05280.jpg
24,27,429,257,136,05296.jpg
21,96,380,275,13,05315.jpg
80,295,944,717,63,05328.jpg
17,41,484,265,81,05335.jpg
123,291,929,587,126,05339.jpg
28,65,345,245,102,05345.jpg
108,201,706,429,3,05347.jpg
189,198,756,468,7,05349.jpg
36,111,505,326,103,05360.jpg
11,3,292,115,117,05362.jpg
75,93,539,400,193,05367.jpg
11,50,616,339,54,05370.jpg
92,270,418,410,192,05385.jpg
348,467,1626,963,187,05387.jpg
145,87,524,375,156,05407.jpg
185,123,503,359,168,05414.jpg
53,180,1119,725,25,05425.jpg
292,148,1306,1060,179,05440.jpg
187,124,683,454,163,05469.jpg
38,83,461,327,70,05479.jpg
132,127,1057,753,51,05483.jpg
74,406,976,686,105,05486.jpg
1,13,189,121,106,05491.jpg
17,80,618,409,90,05496.jpg
176,82,898,615,93,05497.jpg
30,191,609,380,98,05509.jpg
60,89,463,272,33,05535.jpg
55,95,563,320,3,05545.jpg
173,102,623,322,138,05546.jpg
91,78,919,692,94,05550.jpg
16,83,634,361,161,05565.jpg
207,256,971,832,30,05568.jpg
79,62,553,323,146,05606.jpg
46,14,492,346,93,05610.jpg
78,221,1131,747,140,05615.jpg
25,54,286,163,110,05617.jpg
41,44,624,439,194,05625.jpg
19,27,461,241,39,05640.jpg
23,78,659,378,43,05670.jpg
26,26,476,310,154,05687.jpg
126,30,507,301,99,05709.jpg
68,2,741,300,122,05714.jpg
41,31,565,235,10,05718.jpg
1,66,700,480,73,05724.jpg
4,38,236,178,76,05728.jpg
158,411,1127,760,45,05760.jpg
13,116,621,476,81,05762.jpg
26,49,283,179,156,05793.jpg
49,4,825,313,155,05796.jpg
130,41,476,385,119,05806.jpg
78,91,524,318,96,05815.jpg
283,189,607,436,167,05836.jpg
42,123,583,343,187,05838.jpg
26,42,234,158,190,05848.jpg
15,46,600,462,182,05856.jpg
74,64,558,330,126,05863.jpg
206,48,1385,888,34,05867.jpg
47,166,655,364,27,05878.jpg
119,90,269,185,155,05880.jpg
178,249,984,620,25,05886.jpg
42,98,469,301,43,05893.jpg
47,46,524,306,49,05912.jpg
146,92,689,356,6,05916.jpg
36,59,982,658,106,05919.jpg
10,25,249,171,116,05933.jpg
31,27,209,167,88,05937.jpg
15,7,231,142,83,05961.jpg
40,73,452,302,151,05973.jpg
33,36,593,428,75,05984.jpg
19,82,618,393,161,05995.jpg
12,102,390,280,77,05996.jpg
28,35,230,166,90,06019.jpg
30,56,681,293,144,06021.jpg
77,124,528,297,186,06023.jpg
38,66,379,289,32,06027.jpg
94,382,1531,1036,39,06035.jpg
30,102,680,334,114,06036.jpg
37,34,347,207,19,06071.jpg
300,172,721,457,168,06092.jpg
9,19,542,386,81,06103.jpg
27,112,576,294,26,06107.jpg
65,114,407,327,193,06111.jpg
2,51,624,409,85,06119.jpg
151,44,485,422,88,06134.jpg
66,138,611,427,51,06136.jpg
32,74,917,763,147,06141.jpg
174,79,639,408,109,06152.jpg
19,94,461,294,60,06167.jpg
43,46,691,364,83,06172.jpg
14,224,1011,612,181,06175.jpg
2,30,455,337,48,06191.jpg
61,6,299,164,175,06207.jpg
19,33,243,148,48,06212.jpg
19,68,603,439,128,06219.jpg
2,112,552,372,43,06222.jpg
18,25,230,178,65,06243.jpg
78,123,435,283,26,06265.jpg
43,93,612,401,127,06266.jpg
39,123,615,353,126,06279.jpg
54,53,572,356,176,06287.jpg
4,21,204,121,88,06297.jpg
4,19,470,222,150,06304.jpg
22,45,279,169,31,06317.jpg
36,125,576,479,153,06318.jpg
27,38,262,152,19,06335.jpg
36,23,554,323,122,06337.jpg
45,35,639,403,23,06344.jpg
30,114,867,413,56,06355.jpg
4,2,106,82,88,06360.jpg
73,38,512,374,196,06373.jpg
6,49,709,475,49,06377.jpg
53,161,470,322,28,06387.jpg
81,107,660,431,189,06390.jpg
23,81,606,423,54,06396.jpg
50,80,223,167,80,06410.jpg
20,132,513,365,146,06429.jpg
32,18,232,173,181,06430.jpg
29,27,210,112,151,06449.jpg
28,175,898,551,10,06453.jpg
120,134,1060,660,45,06457.jpg
72,14,463,316,166,06472.jpg
20,24,636,295,139,06483.jpg
349,402,1122,817,101,06494.jpg
8,95,618,388,126,06497.jpg
96,187,566,357,114,06499.jpg
109,89,467,280,104,06501.jpg
8,26,269,116,82,06511.jpg
91,74,509,240,11,06529.jpg
72,73,316,217,8,06530.jpg
18,154,756,426,112,06544.jpg
63,87,575,440,89,06548.jpg
77,128,1211,711,40,06583.jpg
9,34,240,150,108,06597.jpg
25,14,484,303,121,06642.jpg
106,89,606,425,64,06643.jpg
12,7,289,232,71,06647.jpg
15,70,480,290,108,06649.jpg
82,47,565,358,39,06653.jpg
99,114,969,683,32,06663.jpg
62,117,465,250,18,06664.jpg
204,410,986,730,10,06675.jpg
33,57,255,162,165,06698.jpg
103,7,549,278,50,06702.jpg
66,349,643,545,26,06734.jpg
13,237,602,434,92,06735.jpg
83,105,480,375,110,06737.jpg
15,50,385,295,115,06760.jpg
11,45,253,189,80,06763.jpg
143,85,482,373,168,06776.jpg
70,21,670,466,89,06803.jpg
120,151,534,345,119,06813.jpg
5,50,499,308,106,06817.jpg
56,76,750,485,190,06821.jpg
75,47,327,246,67,06834.jpg
90,40,628,365,14,06845.jpg
20,122,465,307,24,06852.jpg
31,60,253,145,158,06854.jpg
43,135,756,420,162,06861.jpg
39,222,1021,587,114,06878.jpg
29,93,485,334,66,06898.jpg
95,120,581,336,97,06903.jpg
100,145,590,308,20,06914.jpg
16,72,452,216,55,06923.jpg
44,178,564,402,178,06927.jpg
14,61,938,406,17,06947.jpg
7,10,206,115,41,06952.jpg
50,137,583,395,179,06958.jpg
30,106,599,340,184,06965.jpg
95,22,499,216,96,06970.jpg
67,27,181,81,174,06981.jpg
12,37,255,176,92,06996.jpg
6,19,399,280,155,07009.jpg
36,52,553,320,96,07012.jpg
168,288,1125,704,167,07013.jpg
21,48,579,480,95,07021.jpg
53,31,460,330,34,07034.jpg
10,49,576,403,191,07049.jpg
50,55,432,261,59,07052.jpg
18,77,600,393,127,07072.jpg
17,35,458,256,51,07084.jpg
146,264,860,654,107,07095.jpg
54,60,212,169,97,07105.jpg
59,85,572,411,159,07106.jpg
15,93,417,288,117,07117.jpg
32,40,247,172,118,07137.jpg
12,78,741,424,114,07143.jpg
38,30,197,163,108,07156.jpg
8,37,639,474,85,07170.jpg
63,66,566,299,6,07174.jpg
542,749,3860,2657,36,07193.jpg
8,51,254,140,108,07197.jpg
60,240,1201,656,92,07242.jpg
108,44,562,353,169,07246.jpg
47,74,581,425,89,07249.jpg
41,128,915,577,133,07250.jpg
83,85,567,429,99,07253.jpg
13,67,219,177,69,07256.jpg
3,10,602,385,176,07305.jpg
10,1,292,213,32,07311.jpg
22,154,358,319,60,07325.jpg
80,116,1200,775,142,07352.jpg
11,44,463,319,85,07355.jpg
4,36,264,169,44,07396.jpg
127,148,1444,931,182,07403.jpg
16,142,384,292,14,07423.jpg
22,25,454,304,186,07424.jpg
20,31,492,306,57,07425.jpg
10,33,340,135,185,07435.jpg
8,12,478,234,66,07437.jpg
110,142,718,449,193,07441.jpg
3,13,76,52,57,07469.jpg
14,28,290,215,37,07480.jpg
101,63,607,451,64,07498.jpg
113,69,509,315,49,07528.jpg
417,497,2981,2088,191,07540.jpg
13,19,298,175,181,07550.jpg
52,81,380,262,30,07557.jpg
14,54,624,278,55,07575.jpg
29,34,381,273,196,07594.jpg
17,12,275,183,195,07609.jpg
16,68,397,242,117,07612.jpg
58,72,527,350,46,07619.jpg
66,138,486,326,73,07622.jpg
42,28,226,189,177,07623.jpg
14,58,309,201,31,07639.jpg
21,13,543,385,179,07650.jpg
1,143,489,373,92,07656.jpg
222,33,535,347,180,07668.jpg
97,150,493,310,43,07679.jpg
34,105,433,322,70,07680.jpg
41,95,597,396,109,07686.jpg
3,47,300,207,42,07692.jpg
7,104,613,408,79,07714.jpg
63,137,730,417,182,07715.jpg
30,137,601,503,105,07724.jpg
18,94,397,300,188,07725.jpg
17,43,290,201,84,07737.jpg
78,244,1218,696,11,07740.jpg
37,64,364,228,141,07742.jpg
22,22,422,199,125,07744.jpg
15,34,350,203,55,07749.jpg
110,149,1503,1079,145,07753.jpg
14,32,263,190,42,07754.jpg
49,129,458,334,36,07764.jpg
27,180,670,401,46,07766.jpg
11,30,249,165,27,07805.jpg
35,27,605,429,172,07821.jpg
27,9,471,280,110,07830.jpg
49,173,991,620,172,07859.jpg
42,70,820,461,191,07866.jpg
56,30,212,172,69,07868.jpg
27,75,619,421,75,07871.jpg
241,358,1597,898,160,07882.jpg
27,48,279,175,134,07887.jpg
37,50,272,188,162,07893.jpg
6,16,272,167,68,07907.jpg
116,122,969,621,159,07928.jpg
35,168,959,614,56,07931.jpg
189,213,499,378,183,07934.jpg
13,75,421,243,62,07943.jpg
18,261,633,464,44,07948.jpg
15,64,290,158,51,07956.jpg
173,139,960,576,62,07969.jpg
74,150,370,324,175,07975.jpg
49,177,774,544,70,07980.jpg
21,111,626,317,176,07982.jpg
150,137,441,289,179,07984.jpg
73,81,674,446,119,07985.jpg
20,112,604,348,103,07993.jpg
6,82,245,181,76,07998.jpg
99,200,1103,668,162,08000.jpg
181,51,427,232,6,08018.jpg
22,26,281,182,106,08029.jpg
32,121,651,410,10,08044.jpg
62,98,583,416,119,08056.jpg
70,102,569,360,150,08067.jpg
9,87,490,357,37,08082.jpg
42,13,246,171,129,08089.jpg
268,269,641,454,45,08095.jpg
39,138,649,339,55,08097.jpg
17,42,297,158,116,08099.jpg
1015,664,1525,989,160,08115.jpg
15,42,475,318,52,08122.jpg
61,138,768,526,112,08128.jpg
